model,overall_mae,weighted_mse,high_mae,outside_mae,outside_max_abs_error,peak_core_mae,peak_shoulder_mae
tuned,0.0026624220861121524,3.774452152719998e-05,0.004829858346842181,0.0023819436817429456,0.032495089365169365,0.047653989553451494,0.0226221684897318
mixed_T010_a030_mw3,0.0027350591674912233,3.6213179861986626e-05,0.004753093112027221,0.0024840667007956173,0.034395124642178365,0.05083014130592342,0.02098912606528024
shoulder_aware_T015_b0p10,0.0026827821671030925,2.8146551793724023e-05,0.0041789165872614335,0.0024883613786659646,0.036347664460539775,0.03605059647560115,0.015443693800363643
prediction_router_logreg,0.0026402493885252145,3.090617630368647e-05,0.004424949445063197,0.0024140995088964214,0.03354303460568185,0.03957153129577633,0.01796254761330779
prediction_router_rf,0.002624441298423287,2.9484682888322202e-05,0.004285130262141997,0.0024139376524835335,0.034493328183889345,0.03773929572105402,0.016678811317309687
prediction_router_xgb,0.0026194818112998714,2.785103465339413e-05,0.004207902488298664,0.0024172477845567724,0.03486431060358878,0.03568253755569454,0.015789461563806936
