subset,model,overall_mae,weighted_mse,high_mae,outside_mae,outside_max_abs_error,peak_core_mae,peak_shoulder_mae
bone_in_beam_candidate,prediction_router_xgb,0.00274900590253911,3.451290014469107e-05,0.004422417811130952,0.002511191200432578,0.03562145482929832,0.04149855921665822,0.018230690958767354
non_bone_candidate,prediction_router_xgb,0.0025670900440570325,2.5156347488375142e-05,0.004121132245355267,0.0023792482006070085,0.0345580500179085,0.03332998946811371,0.014801997988317323
bone_in_beam_candidate,tuned,0.0027863992161453366,4.832000547594056e-05,0.005103232849958408,0.0024531297078484986,0.03366655803337275,0.050951526396804336,0.02584897921769875
bone_in_beam_candidate,mixed_T010_a030_mw3,0.002842748975025493,4.295245196317185e-05,0.004895618828918942,0.0025517537538285095,0.03610954103836164,0.04982619401481411,0.022833136511811316
bone_in_beam_candidate,shoulder_aware_T015_b0p10,0.002848642306667442,3.560463768318619e-05,0.004512094245809597,0.002608904479226669,0.03712542067256027,0.040518225067191604,0.017848282872970793
non_bone_candidate,tuned,0.0026122740335144602,3.346679768276559e-05,0.004719279896143483,0.002353149334104745,0.03202123687016575,0.04632015442580315,0.021316941678419327
non_bone_candidate,mixed_T010_a030_mw3,0.0026914992453425297,3.348718215813642e-05,0.004695442260250796,0.0024566876681081555,0.03370165284147502,0.051236232345023815,0.020243234199267667
non_bone_candidate,shoulder_aware_T015_b0p10,0.0026156926724478498,2.5129797950795506e-05,0.0040441480961632996,0.0024396023716975897,0.036033066442194395,0.03424346580933984,0.014471051029421426
