method,source,along_x_mean_pct,perpendicular_y_mean_pct,delta_vs_card17_mixed_along_x,delta_vs_card17_mixed_perp_y
Card17 Phase4 mixed weighted,historical_card17_csv,2.774812,1.614564,0.0,0.0
Phase9G deployable,current_corrected_pipeline,4.969028528393631,0.7737995990620838,2.194216528393631,-0.8407644009379163
Phase10D falloff-aware,phase10d,4.363384113336152,0.7706155874991505,1.5885721133361521,-0.8439484125008496
